image,author,name
https://dn-simplecloud.shiyanlou.com/1504234990801.png,kevin_2016,比特币基础概念入门
https://dn-simplecloud.shiyanlou.com/ncn63.jpg,情人草,新手指南之玩转实验楼
https://dn-simplecloud.shiyanlou.com/1506067286188.png,soorhp, R 语言实现样本的主成分与因子分析
https://dn-simplecloud.shiyanlou.com/1506588268892.png,LOU810221730,OpenStack 镜像管理
https://dn-simplecloud.shiyanlou.com/1506067088271.png,LOU3165780622,Java实现个人博客
https://dn-simplecloud.shiyanlou.com/1506066667855.png,huhuhang,Keras 实战项目：通过预训练模型实现迁移学习
https://dn-simplecloud.shiyanlou.com/1504686527409.png,huhuhang,Superset 数据分析平台搭建及使用
https://dn-simplecloud.shiyanlou.com/1499681253191.png,protream,Flask + VueJS 全栈 Web 开发实战
https://dn-simplecloud.shiyanlou.com/1506067193008.png,soorhp,R 语言实现样本数据的方差分析
https://dn-simplecloud.shiyanlou.com/1505728908751.png,张瑞雷,ROS机器人操作系统中级教程
https://dn-simplecloud.shiyanlou.com/1505093960707.png,叶大炮or茶叶蛋,高级bash脚本编程指南
https://dn-simplecloud.shiyanlou.com/1506652112717.png,HowieZhao,基于Pygame开发贪吃蛇和俄罗斯方块
https://dn-simplecloud.shiyanlou.com/1506752550658.png,LOU810221730,OpenStack 对象存储
https://dn-simplecloud.shiyanlou.com/1507600436048.png,GShell,区块链：构建自己的加密货币
https://dn-simplecloud.shiyanlou.com/1503974195644.png,aiden0z,Python 数据分析入门与进阶
https://dn-simplecloud.shiyanlou.com/1501207033286.png,零时迷子,Vue.js 实现富文本编辑器
https://dn-simplecloud.shiyanlou.com/1501141776189.png,李登峰,kafka代码实战--让你全面学习Kafka
https://dn-simplecloud.shiyanlou.com/1505728949077.png,异步社区,python 数据可视化 -- 《Python 金融大数据分析》
https://dn-simplecloud.shiyanlou.com/1505193911140.png,Jewel591,通过代码审计学习Web安全
https://dn-simplecloud.shiyanlou.com/ncn1.jpg,Edward,Linux 基础入门（新版）
